"2019/02/07","CSV-5e0f73b195cec","VDK VCITA INC","Egenkapital:Mellemregning","","-199.73",""," Filename: vdk_vcita_inc_20190207-5e0f73b195cec.trans\n TransID: 0"
"2019/02/07","CSV-5e0f73b195cec","VDK VCITA INC","Udgifter:Diverse","","199.73",""," Filename: vdk_vcita_inc_20190207-5e0f73b195cec.trans\n TransID: 1"
"2019/02/25","CSV-5e0f73b19303b","DK BILLY APS","Egenkapital:Mellemregning","","-243.75",""," Filename: dk_billy_aps_20190225-5e0f73b19303b.trans\n TransID: 0"
"2019/02/25","CSV-5e0f73b19303b","DK BILLY APS","Udgifter:Administration:Edb","","195",""," Filename: dk_billy_aps_20190225-5e0f73b19303b.trans\n TransID: 1"
"2019/02/25","CSV-5e0f73b19303b","DK BILLY APS","Passiver:Moms:Købsmoms","","48.75",""," Filename: dk_billy_aps_20190225-5e0f73b19303b.trans\n TransID: virt"
"2019/03/01","marts.eml","eur 134.78 køb tasker","Udgifter:Direkte omkostninger u/moms","","1004.11",""," Filename: 202001045e110d74e1927_eur_134.78_kb_tasker.trans\n TransID: 0"
"2019/03/01","marts.eml","eur 134.78 køb tasker","Passiver:Andreas Jensen","","-1004.11",""," Filename: 202001045e110d74e1927_eur_134.78_kb_tasker.trans\n TransID: 1"
"2019/03/04","CSV-5e0f73b1917b3","VDK SHOPIFY * 60704479","Egenkapital:Mellemregning","","-93.8",""," Filename: vdk_shopify_60704479_20190304-5e0f73b1917b3.trans\n TransID: 0"
"2019/03/04","CSV-5e0f73b1917b3","VDK SHOPIFY * 60704479","Udgifter:Administration:Edb","","75.04",""," Filename: vdk_shopify_60704479_20190304-5e0f73b1917b3.trans\n TransID: 1"
"2019/03/04","CSV-5e0f73b1917b3","VDK SHOPIFY * 60704479","Passiver:Moms:Købsmoms","","18.76",""," Filename: vdk_shopify_60704479_20190304-5e0f73b1917b3.trans\n TransID: virt"
"2019/03/07","marts.eml","346.19 GBP køb stripe pullovers","Udgifter:Direkte omkostninger u/moms","","3114",""," Filename: 202001045e110c914f94f_346.19_gbp_kb_stripe_pullovers.trans\n TransID: 0"
"2019/03/07","marts.eml","346.19 GBP køb stripe pullovers","Passiver:Andreas Jensen","","-3114",""," Filename: 202001045e110c914f94f_346.19_gbp_kb_stripe_pullovers.trans\n TransID: 1"
"2019/03/11","CSV-5e0f73b18faae","VDK GOOGLE *Google Storage","Egenkapital:Mellemregning","","-17",""," Filename: vdk_google_google_storage_20190311-5e0f73b18faae.trans\n TransID: 0"
"2019/03/11","CSV-5e0f73b18faae","VDK GOOGLE *Google Storage","Udgifter:Administration:Edb","","13.6",""," Filename: vdk_google_google_storage_20190311-5e0f73b18faae.trans\n TransID: 1"
"2019/03/11","CSV-5e0f73b18faae","VDK GOOGLE *Google Storage","Passiver:Moms:Købsmoms","","3.4",""," Filename: vdk_google_google_storage_20190311-5e0f73b18faae.trans\n TransID: virt"
"2019/03/15","CSV-5e0f73b18e1fe","VDK SHOPIFY * 61197812","Egenkapital:Mellemregning","","-533.11",""," Filename: vdk_shopify_61197812_20190315-5e0f73b18e1fe.trans\n TransID: 0"
"2019/03/15","CSV-5e0f73b18e1fe","VDK SHOPIFY * 61197812","Udgifter:Administration:Edb","","426.488",""," Filename: vdk_shopify_61197812_20190315-5e0f73b18e1fe.trans\n TransID: 1"
"2019/03/15","CSV-5e0f73b18e1fe","VDK SHOPIFY * 61197812","Passiver:Moms:Købsmoms","","106.622",""," Filename: vdk_shopify_61197812_20190315-5e0f73b18e1fe.trans\n TransID: virt"
"2019/03/24","tøj-martspt2.eml","gbp 344.99 køb tøj","Udgifter:Direkte omkostninger u/moms","","3004.59",""," Filename: 202001045e110d9d1dff7_gbp_344.99_kb_tj.trans\n TransID: 0"
"2019/03/24","tøj-martspt2.eml","gbp 344.99 køb tøj","Passiver:Andreas Jensen","","-3004.59",""," Filename: 202001045e110d9d1dff7_gbp_344.99_kb_tj.trans\n TransID: 1"
"2019/03/25","CSV-5e0f73b18c965","DK BILLY APS","Egenkapital:Mellemregning","","-243.75",""," Filename: dk_billy_aps_20190325-5e0f73b18c965.trans\n TransID: 0"
"2019/03/25","CSV-5e0f73b18c965","DK BILLY APS","Udgifter:Administration:Edb","","195",""," Filename: dk_billy_aps_20190325-5e0f73b18c965.trans\n TransID: 1"
"2019/03/25","CSV-5e0f73b18c965","DK BILLY APS","Passiver:Moms:Købsmoms","","48.75",""," Filename: dk_billy_aps_20190325-5e0f73b18c965.trans\n TransID: virt"
"2019/04/01","april2.eml","EUR 388.78 køb af 10 tasker elisa messenger bag","Udgifter:Direkte omkostninger u/moms","","2896.411",""," Filename: 202001045e110cc8689ec_eur_388.78_kb_af_10_tasker_elisa_messenger_bag.trans\n TransID: 0"
"2019/04/01","april2.eml","EUR 388.78 køb af 10 tasker elisa messenger bag","Passiver:Andreas Jensen","","-2896.411",""," Filename: 202001045e110cc8689ec_eur_388.78_kb_af_10_tasker_elisa_messenger_bag.trans\n TransID: 1"
"2019/04/01","april4.eml","EUR 153.78 køb af 5xmessenger bag","Udgifter:Direkte omkostninger u/moms","","1145.661",""," Filename: 202001045e110cf3e35f0_eur_153.78_kb_af_5xmessenger_bag.trans\n TransID: 0"
"2019/04/01","april4.eml","EUR 153.78 køb af 5xmessenger bag","Passiver:Andreas Jensen","","-1145.661",""," Filename: 202001045e110cf3e35f0_eur_153.78_kb_af_5xmessenger_bag.trans\n TransID: 1"
"2019/04/01","april.eml","eur 433.78 køb af tasker","Udgifter:Direkte omkostninger u/moms","","3231.661",""," Filename: 202001045e110dcb8fe90_eur_433.78_kb_af_tasker.trans\n TransID: 0"
"2019/04/01","april.eml","eur 433.78 køb af tasker","Passiver:Andreas Jensen","","-3231.661",""," Filename: 202001045e110dcb8fe90_eur_433.78_kb_af_tasker.trans\n TransID: 1"
"2019/04/01","CSV-5e0f73b18af82","VÃ¦vede labels","Egenkapital:Mellemregning","","-2562.5",""," Filename: vvede_labels_20190401-5e0f73b18af82.trans\n TransID: 0"
"2019/04/01","CSV-5e0f73b18af82","VÃ¦vede labels","Udgifter:Direkte omkostninger:Diverse","","2050",""," Filename: vvede_labels_20190401-5e0f73b18af82.trans\n TransID: 1"
"2019/04/01","CSV-5e0f73b18af82","VÃ¦vede labels","Passiver:Moms:Købsmoms","","512.5",""," Filename: vvede_labels_20190401-5e0f73b18af82.trans\n TransID: virt"
"2019/04/09","CSV-5e0f73b189673","VDK GOOGLE*GOOGLE STORAGE","Egenkapital:Mellemregning","","-17",""," Filename: vdk_googlegoogle_storage_20190409-5e0f73b189673.trans\n TransID: 0"
"2019/04/09","CSV-5e0f73b189673","VDK GOOGLE*GOOGLE STORAGE","Udgifter:Administration:Edb","","13.6",""," Filename: vdk_googlegoogle_storage_20190409-5e0f73b189673.trans\n TransID: 1"
"2019/04/09","CSV-5e0f73b189673","VDK GOOGLE*GOOGLE STORAGE","Passiver:Moms:Købsmoms","","3.4",""," Filename: vdk_googlegoogle_storage_20190409-5e0f73b189673.trans\n TransID: virt"
"2019/04/15","CSV-5e0f73b187d20","VDK SHOPIFY * 62347376","Egenkapital:Mellemregning","","-49.68",""," Filename: vdk_shopify_62347376_20190415-5e0f73b187d20.trans\n TransID: 0"
"2019/04/15","CSV-5e0f73b187d20","VDK SHOPIFY * 62347376","Udgifter:Administration:Edb","","39.744",""," Filename: vdk_shopify_62347376_20190415-5e0f73b187d20.trans\n TransID: 1"
"2019/04/15","CSV-5e0f73b187d20","VDK SHOPIFY * 62347376","Passiver:Moms:Købsmoms","","9.936",""," Filename: vdk_shopify_62347376_20190415-5e0f73b187d20.trans\n TransID: virt"
"2019/04/16","CSV-5e0f73b186592","VDK SHOPIFY * 62384370","Egenkapital:Mellemregning","","-2023.56",""," Filename: vdk_shopify_62384370_20190416-5e0f73b186592.trans\n TransID: 0"
"2019/04/16","CSV-5e0f73b186592","VDK SHOPIFY * 62384370","Udgifter:Administration:Edb","","1618.848",""," Filename: vdk_shopify_62384370_20190416-5e0f73b186592.trans\n TransID: 1"
"2019/04/16","CSV-5e0f73b186592","VDK SHOPIFY * 62384370","Passiver:Moms:Købsmoms","","404.712",""," Filename: vdk_shopify_62384370_20190416-5e0f73b186592.trans\n TransID: virt"
"2019/04/24","CSV-5e0f73b183c99","DK BILLY APS","Egenkapital:Mellemregning","","-243.75",""," Filename: dk_billy_aps_20190424-5e0f73b183c99.trans\n TransID: 0"
"2019/04/24","CSV-5e0f73b183c99","DK BILLY APS","Udgifter:Administration:Edb","","195",""," Filename: dk_billy_aps_20190424-5e0f73b183c99.trans\n TransID: 1"
"2019/04/24","CSV-5e0f73b183c99","DK BILLY APS","Passiver:Moms:Købsmoms","","48.75",""," Filename: dk_billy_aps_20190424-5e0f73b183c99.trans\n TransID: virt"
"2019/04/26","april.eml","EUR 249.78 Køb af tasker","Udgifter:Direkte omkostninger u/moms","","1862.78",""," Filename: 202001045e110c0ee9a12_eur_249.78_kb_af_tasker.trans\n TransID: 0"
"2019/04/26","april.eml","EUR 249.78 Køb af tasker","Passiver:Andreas Jensen","","-1862.78",""," Filename: 202001045e110c0ee9a12_eur_249.78_kb_af_tasker.trans\n TransID: 1"
"2019/04/30","CSV-5e0f73b182497","DK PICKANDPACK APS","Egenkapital:Mellemregning","","-553.75",""," Filename: dk_pickandpack_aps_20190430-5e0f73b182497.trans\n TransID: 0"
"2019/04/30","CSV-5e0f73b182497","DK PICKANDPACK APS","Udgifter:Direkte omkostninger:Pakkeri","","443",""," Filename: dk_pickandpack_aps_20190430-5e0f73b182497.trans\n TransID: 1"
"2019/04/30","CSV-5e0f73b182497","DK PICKANDPACK APS","Passiver:Moms:Købsmoms","","110.75",""," Filename: dk_pickandpack_aps_20190430-5e0f73b182497.trans\n TransID: virt"
"2019/05/01","t-shirts maj.eml","t-shirts GBP 111.36","Udgifter:Direkte omkostninger u/moms","","974.77",""," Filename: 202001045e110d247f921_tshirts_gbp_111.36.trans\n TransID: 0"
"2019/05/01","t-shirts maj.eml","t-shirts GBP 111.36","Passiver:Andreas Jensen","","-974.77",""," Filename: 202001045e110d247f921_tshirts_gbp_111.36.trans\n TransID: 1"
"2019/05/04","maj.eml","EUR 310.98 KMessenger Bags","Udgifter:Direkte omkostninger u/moms","","2316.95",""," Filename: 202001045e110b6b08de7_eur_310.98_kmessenger_bags.trans\n TransID: 0"
"2019/05/04","maj.eml","EUR 310.98 KMessenger Bags","Passiver:Andreas Jensen","","-2316.95",""," Filename: 202001045e110b6b08de7_eur_310.98_kmessenger_bags.trans\n TransID: 1"
"2019/05/09","CSV-5e0f73b17fa3c","VDK GOOGLE *Google Storage","Egenkapital:Mellemregning","","-17",""," Filename: vdk_google_google_storage_20190509-5e0f73b17fa3c.trans\n TransID: 0"
"2019/05/09","CSV-5e0f73b17fa3c","VDK GOOGLE *Google Storage","Udgifter:Administration:Edb","","13.6",""," Filename: vdk_google_google_storage_20190509-5e0f73b17fa3c.trans\n TransID: 1"
"2019/05/09","CSV-5e0f73b17fa3c","VDK GOOGLE *Google Storage","Passiver:Moms:Købsmoms","","3.4",""," Filename: vdk_google_google_storage_20190509-5e0f73b17fa3c.trans\n TransID: virt"
"2019/06/03","CSV-5e0f73b17e1a8","CH2012369 2019-06-03","Egenkapital:Mellemregning","","9245.52",""," Filename: ch2012369_20190603_20190603-5e0f73b17e1a8.trans\n TransID: 0"
"2019/06/03","CSV-5e0f73b17e1a8","CH2012369 2019-06-03","Indtægter:Onlinesalg","","-7396.416",""," Filename: ch2012369_20190603_20190603-5e0f73b17e1a8.trans\n TransID: 1"
"2019/06/03","CSV-5e0f73b17e1a8","CH2012369 2019-06-03","Passiver:Moms:Salgsmoms","","-1849.104",""," Filename: ch2012369_20190603_20190603-5e0f73b17e1a8.trans\n TransID: virt"
"2019/06/06","CSV-5e0f73b17c931","CH2012369 2019-06-06","Egenkapital:Mellemregning","","7436.83",""," Filename: ch2012369_20190606_20190606-5e0f73b17c931.trans\n TransID: 0"
"2019/06/06","CSV-5e0f73b17c931","CH2012369 2019-06-06","Indtægter:Onlinesalg","","-5949.464",""," Filename: ch2012369_20190606_20190606-5e0f73b17c931.trans\n TransID: 1"
"2019/06/06","CSV-5e0f73b17c931","CH2012369 2019-06-06","Passiver:Moms:Salgsmoms","","-1487.366",""," Filename: ch2012369_20190606_20190606-5e0f73b17c931.trans\n TransID: virt"
"2019/06/07","juni.eml","EUR 562.98 tasker","Udgifter:Direkte omkostninger u/moms","","4194.35",""," Filename: 202001045e110c467fef3_eur_562.98_tasker.trans\n TransID: 0"
"2019/06/07","juni.eml","EUR 562.98 tasker","Passiver:Andreas Jensen","","-4194.35",""," Filename: 202001045e110c467fef3_eur_562.98_tasker.trans\n TransID: 1"
"2019/06/13","CSV-5e0f73b17afae","CH2012369 2019-06-13","Egenkapital:Mellemregning","","3420.08",""," Filename: ch2012369_20190613_20190613-5e0f73b17afae.trans\n TransID: 0"
"2019/06/13","CSV-5e0f73b17afae","CH2012369 2019-06-13","Indtægter:Onlinesalg","","-2736.064",""," Filename: ch2012369_20190613_20190613-5e0f73b17afae.trans\n TransID: 1"
"2019/06/13","CSV-5e0f73b17afae","CH2012369 2019-06-13","Passiver:Moms:Salgsmoms","","-684.016",""," Filename: ch2012369_20190613_20190613-5e0f73b17afae.trans\n TransID: virt"
"2019/06/17","CSV-5e0f73b17972c","VD SHOPIFY * 64807345","Egenkapital:Mellemregning","","-95.71",""," Filename: vd_shopify_64807345_20190617-5e0f73b17972c.trans\n TransID: 0"
"2019/06/17","CSV-5e0f73b17972c","VD SHOPIFY * 64807345","Udgifter:Administration:Edb","","76.568",""," Filename: vd_shopify_64807345_20190617-5e0f73b17972c.trans\n TransID: 1"
"2019/06/17","CSV-5e0f73b17972c","VD SHOPIFY * 64807345","Passiver:Moms:Købsmoms","","19.142",""," Filename: vd_shopify_64807345_20190617-5e0f73b17972c.trans\n TransID: virt"
"2019/06/20","CSV-5e0f73b177ec8","CH2012369 2019-06-20","Egenkapital:Mellemregning","","5200.46",""," Filename: ch2012369_20190620_20190620-5e0f73b177ec8.trans\n TransID: 0"
"2019/06/20","CSV-5e0f73b177ec8","CH2012369 2019-06-20","Indtægter:Onlinesalg","","-4160.368",""," Filename: ch2012369_20190620_20190620-5e0f73b177ec8.trans\n TransID: 1"
"2019/06/20","CSV-5e0f73b177ec8","CH2012369 2019-06-20","Passiver:Moms:Salgsmoms","","-1040.092",""," Filename: ch2012369_20190620_20190620-5e0f73b177ec8.trans\n TransID: virt"
"2019/06/24","CSV-5e0f73b173542","VD GOOGLE*GSUITE MONVELI.","Egenkapital:Mellemregning","","-198.32",""," Filename: vd_googlegsuite_monveli._20190624-5e0f73b173542.trans\n TransID: 0"
"2019/06/24","CSV-5e0f73b173542","VD GOOGLE*GSUITE MONVELI.","Udgifter:Administration:Edb","","198.32",""," Filename: vd_googlegsuite_monveli._20190624-5e0f73b173542.trans\n TransID: 1"
"2019/06/24","CSV-5e0f73b174ed0","VD SHIPMONDOCOM","Egenkapital:Mellemregning","","-38.25",""," Filename: vd_shipmondocom_20190624-5e0f73b174ed0.trans\n TransID: 0"
"2019/06/24","CSV-5e0f73b174ed0","VD SHIPMONDOCOM","Udgifter:Direkte omkostninger u/moms","","38.25",""," Filename: vd_shipmondocom_20190624-5e0f73b174ed0.trans\n TransID: 1"
"2019/06/24","CSV-5e0f73b176686","VD SHIPMONDOCOM","Egenkapital:Mellemregning","","-34.75",""," Filename: vd_shipmondocom_20190624-5e0f73b176686.trans\n TransID: 0"
"2019/06/24","CSV-5e0f73b176686","VD SHIPMONDOCOM","Udgifter:Direkte omkostninger u/moms","","34.75",""," Filename: vd_shipmondocom_20190624-5e0f73b176686.trans\n TransID: 1"
"2019/06/26","CSV-5e0f73b16ea71","VD SHIPMONDOCOM","Egenkapital:Mellemregning","","-38.25",""," Filename: vd_shipmondocom_20190626-5e0f73b16ea71.trans\n TransID: 0"
"2019/06/26","CSV-5e0f73b16ea71","VD SHIPMONDOCOM","Udgifter:Direkte omkostninger u/moms","","38.25",""," Filename: vd_shipmondocom_20190626-5e0f73b16ea71.trans\n TransID: 1"
"2019/06/26","CSV-5e0f73b17034f","VD SHIPMONDOCOM","Egenkapital:Mellemregning","","-38.25",""," Filename: vd_shipmondocom_20190626-5e0f73b17034f.trans\n TransID: 0"
"2019/06/26","CSV-5e0f73b17034f","VD SHIPMONDOCOM","Udgifter:Direkte omkostninger u/moms","","38.25",""," Filename: vd_shipmondocom_20190626-5e0f73b17034f.trans\n TransID: 1"
"2019/06/27","CSV-5e0f73b168848","CH2012369 2019-06-27","Egenkapital:Mellemregning","","8880.54",""," Filename: ch2012369_20190627_20190627-5e0f73b168848.trans\n TransID: 0"
"2019/06/27","CSV-5e0f73b168848","CH2012369 2019-06-27","Indtægter:Onlinesalg","","-7104.432",""," Filename: ch2012369_20190627_20190627-5e0f73b168848.trans\n TransID: 1"
"2019/06/27","CSV-5e0f73b168848","CH2012369 2019-06-27","Passiver:Moms:Salgsmoms","","-1776.108",""," Filename: ch2012369_20190627_20190627-5e0f73b168848.trans\n TransID: virt"
"2019/06/27","CSV-5e0f73b16a4cd","VD SHIPMONDOCOM","Egenkapital:Mellemregning","","-38.25",""," Filename: vd_shipmondocom_20190627-5e0f73b16a4cd.trans\n TransID: 0"
"2019/06/27","CSV-5e0f73b16a4cd","VD SHIPMONDOCOM","Udgifter:Direkte omkostninger u/moms","","38.25",""," Filename: vd_shipmondocom_20190627-5e0f73b16a4cd.trans\n TransID: 1"
"2019/06/27","CSV-5e0f73b16bf9d","VD SHIPMONDOCOM","Egenkapital:Mellemregning","","-38.25",""," Filename: vd_shipmondocom_20190627-5e0f73b16bf9d.trans\n TransID: 0"
"2019/06/27","CSV-5e0f73b16bf9d","VD SHIPMONDOCOM","Udgifter:Direkte omkostninger u/moms","","38.25",""," Filename: vd_shipmondocom_20190627-5e0f73b16bf9d.trans\n TransID: 1"
"2019/07/03","CSV-5e0f73b166c5b","VD GOOGLE *GSUITE_monveli","Egenkapital:Mellemregning","","-236.45",""," Filename: vd_google_gsuite_monveli_20190703-5e0f73b166c5b.trans\n TransID: 0"
"2019/07/03","CSV-5e0f73b166c5b","VD GOOGLE *GSUITE_monveli","Udgifter:Administration:Edb","","236.45",""," Filename: vd_google_gsuite_monveli_20190703-5e0f73b166c5b.trans\n TransID: 1"
"2019/07/03","CSV-5e0f73b165118","VD QUICKPAY DKK","Egenkapital:Mellemregning","","-186.25",""," Filename: vd_quickpay_dkk_20190703-5e0f73b165118.trans\n TransID: 0"
"2019/07/03","CSV-5e0f73b165118","VD QUICKPAY DKK","Udgifter:Administration:Edb","","149",""," Filename: vd_quickpay_dkk_20190703-5e0f73b165118.trans\n TransID: 1"
"2019/07/03","CSV-5e0f73b165118","VD QUICKPAY DKK","Passiver:Moms:Købsmoms","","37.25",""," Filename: vd_quickpay_dkk_20190703-5e0f73b165118.trans\n TransID: virt"
"2019/07/04","CSV-5e0f73b15d6b4","CH2012369 2019-07-04","Egenkapital:Mellemregning","","231.79",""," Filename: ch2012369_20190704_20190704-5e0f73b15d6b4.trans\n TransID: 0"
"2019/07/04","CSV-5e0f73b15d6b4","CH2012369 2019-07-04","Indtægter:Onlinesalg","","-185.432",""," Filename: ch2012369_20190704_20190704-5e0f73b15d6b4.trans\n TransID: 1"
"2019/07/04","CSV-5e0f73b15d6b4","CH2012369 2019-07-04","Passiver:Moms:Salgsmoms","","-46.358",""," Filename: ch2012369_20190704_20190704-5e0f73b15d6b4.trans\n TransID: virt"
"2019/07/05","CSV-5e0f73b15bcac","VD SHIPMONDOCOM","Egenkapital:Mellemregning","","-38.25",""," Filename: vd_shipmondocom_20190705-5e0f73b15bcac.trans\n TransID: 0"
"2019/07/05","CSV-5e0f73b15bcac","VD SHIPMONDOCOM","Udgifter:Direkte omkostninger u/moms","","38.25",""," Filename: vd_shipmondocom_20190705-5e0f73b15bcac.trans\n TransID: 1"
"2019/07/08","CSV-5e0f73b15a393","VD SHIPMONDOCOM","Egenkapital:Mellemregning","","-38.25",""," Filename: vd_shipmondocom_20190708-5e0f73b15a393.trans\n TransID: 0"
"2019/07/08","CSV-5e0f73b15a393","VD SHIPMONDOCOM","Udgifter:Direkte omkostninger u/moms","","38.25",""," Filename: vd_shipmondocom_20190708-5e0f73b15a393.trans\n TransID: 1"
"2019/07/10","CSV-5e0f73b1589ff","VD SHIPMONDOCOM","Egenkapital:Mellemregning","","-38.25",""," Filename: vd_shipmondocom_20190710-5e0f73b1589ff.trans\n TransID: 0"
"2019/07/10","CSV-5e0f73b1589ff","VD SHIPMONDOCOM","Udgifter:Direkte omkostninger u/moms","","38.25",""," Filename: vd_shipmondocom_20190710-5e0f73b1589ff.trans\n TransID: 1"
"2019/07/11","CSV-5e0f73b1555d9","CH2012369 2019-07-11","Egenkapital:Mellemregning","","4538.82",""," Filename: ch2012369_20190711_20190711-5e0f73b1555d9.trans\n TransID: 0"
"2019/07/11","CSV-5e0f73b1555d9","CH2012369 2019-07-11","Indtægter:Onlinesalg","","-3631.056",""," Filename: ch2012369_20190711_20190711-5e0f73b1555d9.trans\n TransID: 1"
"2019/07/11","CSV-5e0f73b1555d9","CH2012369 2019-07-11","Passiver:Moms:Salgsmoms","","-907.764",""," Filename: ch2012369_20190711_20190711-5e0f73b1555d9.trans\n TransID: virt"
"2019/07/11","CSV-5e0f73b157014","VD SHIPMONDOCOM","Egenkapital:Mellemregning","","-38.25",""," Filename: vd_shipmondocom_20190711-5e0f73b157014.trans\n TransID: 0"
"2019/07/11","CSV-5e0f73b157014","VD SHIPMONDOCOM","Udgifter:Direkte omkostninger u/moms","","38.25",""," Filename: vd_shipmondocom_20190711-5e0f73b157014.trans\n TransID: 1"
"2019/07/15","CSV-5e0f73b153bd4","VD SHOPIFY * 66045650","Egenkapital:Mellemregning","","-687.75",""," Filename: vd_shopify_66045650_20190715-5e0f73b153bd4.trans\n TransID: 0"
"2019/07/15","CSV-5e0f73b153bd4","VD SHOPIFY * 66045650","Udgifter:Administration:Edb","","550.2",""," Filename: vd_shopify_66045650_20190715-5e0f73b153bd4.trans\n TransID: 1"
"2019/07/15","CSV-5e0f73b153bd4","VD SHOPIFY * 66045650","Passiver:Moms:Købsmoms","","137.55",""," Filename: vd_shopify_66045650_20190715-5e0f73b153bd4.trans\n TransID: virt"
"2019/07/18","CSV-5e0f73b152092","CH2012369 2019-07-18","Egenkapital:Mellemregning","","9210.88",""," Filename: ch2012369_20190718_20190718-5e0f73b152092.trans\n TransID: 0"
"2019/07/18","CSV-5e0f73b152092","CH2012369 2019-07-18","Indtægter:Onlinesalg","","-7368.704",""," Filename: ch2012369_20190718_20190718-5e0f73b152092.trans\n TransID: 1"
"2019/07/18","CSV-5e0f73b152092","CH2012369 2019-07-18","Passiver:Moms:Salgsmoms","","-1842.176",""," Filename: ch2012369_20190718_20190718-5e0f73b152092.trans\n TransID: virt"
"2019/07/23","CSV-5e0f73b1504d3","VD DINERO.DK - R2JBF6W3WD","Egenkapital:Mellemregning","","-246.25",""," Filename: vd_dinero.dk_r2jbf6w3wd_20190723-5e0f73b1504d3.trans\n TransID: 0"
"2019/07/23","CSV-5e0f73b1504d3","VD DINERO.DK - R2JBF6W3WD","Udgifter:Administration:Edb","","197",""," Filename: vd_dinero.dk_r2jbf6w3wd_20190723-5e0f73b1504d3.trans\n TransID: 1"
"2019/07/23","CSV-5e0f73b1504d3","VD DINERO.DK - R2JBF6W3WD","Passiver:Moms:Købsmoms","","49.25",""," Filename: vd_dinero.dk_r2jbf6w3wd_20190723-5e0f73b1504d3.trans\n TransID: virt"
"2019/07/25","CSV-5e0f73b14caef","CH2012369 2019-07-25","Egenkapital:Mellemregning","","1512.94",""," Filename: ch2012369_20190725_20190725-5e0f73b14caef.trans\n TransID: 0"
"2019/07/25","CSV-5e0f73b14caef","CH2012369 2019-07-25","Indtægter:Onlinesalg","","-1210.352",""," Filename: ch2012369_20190725_20190725-5e0f73b14caef.trans\n TransID: 1"
"2019/07/25","CSV-5e0f73b14caef","CH2012369 2019-07-25","Passiver:Moms:Salgsmoms","","-302.588",""," Filename: ch2012369_20190725_20190725-5e0f73b14caef.trans\n TransID: virt"
"2019/07/25","CSV-5e0f73b14e7be","Til 9347-4587605576","Egenkapital:Mellemregning","","-1635.2",""," Filename: til_93474587605576_20190725-5e0f73b14e7be.trans\n TransID: 0"
"2019/07/25","CSV-5e0f73b14e7be","Til 9347-4587605576","Udgifter:Diverse","","1635.2",""," Filename: til_93474587605576_20190725-5e0f73b14e7be.trans\n TransID: 1"
"2019/08/01","CSV-5e0f73b14af33","CH2012369 2019-08-01","Egenkapital:Mellemregning","","1512.94",""," Filename: ch2012369_20190801_20190801-5e0f73b14af33.trans\n TransID: 0"
"2019/08/01","CSV-5e0f73b14af33","CH2012369 2019-08-01","Indtægter:Onlinesalg","","-1210.352",""," Filename: ch2012369_20190801_20190801-5e0f73b14af33.trans\n TransID: 1"
"2019/08/01","CSV-5e0f73b14af33","CH2012369 2019-08-01","Passiver:Moms:Salgsmoms","","-302.588",""," Filename: ch2012369_20190801_20190801-5e0f73b14af33.trans\n TransID: virt"
"2019/08/05","CSV-5e0f73b1447a9","Til 6825-0001035058","Egenkapital:Mellemregning","","-596",""," Filename: til_68250001035058_20190805-5e0f73b1447a9.trans\n TransID: 0"
"2019/08/05","CSV-5e0f73b1447a9","Til 6825-0001035058","Udgifter:Diverse","","596",""," Filename: til_68250001035058_20190805-5e0f73b1447a9.trans\n TransID: 1"
"2019/08/05","CSV-5e0f73b14804d","VD GOOGLE *GSUITE_monveli","Egenkapital:Mellemregning","","-236.56",""," Filename: vd_google_gsuite_monveli_20190805-5e0f73b14804d.trans\n TransID: 0"
"2019/08/05","CSV-5e0f73b14804d","VD GOOGLE *GSUITE_monveli","Udgifter:Administration:Edb","","236.56",""," Filename: vd_google_gsuite_monveli_20190805-5e0f73b14804d.trans\n TransID: 1"
"2019/08/05","CSV-5e0f73b146439","VD QUICKPAY DKK","Egenkapital:Mellemregning","","-186.25",""," Filename: vd_quickpay_dkk_20190805-5e0f73b146439.trans\n TransID: 0"
"2019/08/05","CSV-5e0f73b146439","VD QUICKPAY DKK","Udgifter:Administration:Edb","","149",""," Filename: vd_quickpay_dkk_20190805-5e0f73b146439.trans\n TransID: 1"
"2019/08/05","CSV-5e0f73b146439","VD QUICKPAY DKK","Passiver:Moms:Købsmoms","","37.25",""," Filename: vd_quickpay_dkk_20190805-5e0f73b146439.trans\n TransID: virt"
"2019/08/06","CSV-5e0f73b142c51","VD SHIPMONDOCOM","Egenkapital:Mellemregning","","-38.25",""," Filename: vd_shipmondocom_20190806-5e0f73b142c51.trans\n TransID: 0"
"2019/08/06","CSV-5e0f73b142c51","VD SHIPMONDOCOM","Udgifter:Direkte omkostninger u/moms","","38.25",""," Filename: vd_shipmondocom_20190806-5e0f73b142c51.trans\n TransID: 1"
"2019/08/08","CSV-5e0f73b1411c9","CH2012369 2019-08-08","Egenkapital:Mellemregning","","4538.82",""," Filename: ch2012369_20190808_20190808-5e0f73b1411c9.trans\n TransID: 0"
"2019/08/08","CSV-5e0f73b1411c9","CH2012369 2019-08-08","Indtægter:Onlinesalg","","-3631.056",""," Filename: ch2012369_20190808_20190808-5e0f73b1411c9.trans\n TransID: 1"
"2019/08/08","CSV-5e0f73b1411c9","CH2012369 2019-08-08","Passiver:Moms:Salgsmoms","","-907.764",""," Filename: ch2012369_20190808_20190808-5e0f73b1411c9.trans\n TransID: virt"
"2019/08/12","CSV-5e0f73b13f624","VD SHOPIFY * 67269461","Egenkapital:Mellemregning","","-674.36",""," Filename: vd_shopify_67269461_20190812-5e0f73b13f624.trans\n TransID: 0"
"2019/08/12","CSV-5e0f73b13f624","VD SHOPIFY * 67269461","Udgifter:Administration:Edb","","539.488",""," Filename: vd_shopify_67269461_20190812-5e0f73b13f624.trans\n TransID: 1"
"2019/08/12","CSV-5e0f73b13f624","VD SHOPIFY * 67269461","Passiver:Moms:Købsmoms","","134.872",""," Filename: vd_shopify_67269461_20190812-5e0f73b13f624.trans\n TransID: virt"
"2019/08/15","CSV-5e0f73b13da35","CH2012369 2019-08-15","Egenkapital:Mellemregning","","4538.82",""," Filename: ch2012369_20190815_20190815-5e0f73b13da35.trans\n TransID: 0"
"2019/08/15","CSV-5e0f73b13da35","CH2012369 2019-08-15","Indtægter:Onlinesalg","","-3631.056",""," Filename: ch2012369_20190815_20190815-5e0f73b13da35.trans\n TransID: 1"
"2019/08/15","CSV-5e0f73b13da35","CH2012369 2019-08-15","Passiver:Moms:Salgsmoms","","-907.764",""," Filename: ch2012369_20190815_20190815-5e0f73b13da35.trans\n TransID: virt"
"2019/08/22","CSV-5e0f73b13bf16","VD DINERO.DK - 9I5DGXXS8N","Egenkapital:Mellemregning","","-246.25",""," Filename: vd_dinero.dk_9i5dgxxs8n_20190822-5e0f73b13bf16.trans\n TransID: 0"
"2019/08/22","CSV-5e0f73b13bf16","VD DINERO.DK - 9I5DGXXS8N","Udgifter:Administration:Edb","","197",""," Filename: vd_dinero.dk_9i5dgxxs8n_20190822-5e0f73b13bf16.trans\n TransID: 1"
"2019/08/22","CSV-5e0f73b13bf16","VD DINERO.DK - 9I5DGXXS8N","Passiver:Moms:Købsmoms","","49.25",""," Filename: vd_dinero.dk_9i5dgxxs8n_20190822-5e0f73b13bf16.trans\n TransID: virt"
"2019/08/23","CSV-5e0f73b13a39c","CH2012369 2019-08-22","Egenkapital:Mellemregning","","3025.88",""," Filename: ch2012369_20190822_20190823-5e0f73b13a39c.trans\n TransID: 0"
"2019/08/23","CSV-5e0f73b13a39c","CH2012369 2019-08-22","Indtægter:Onlinesalg","","-2420.704",""," Filename: ch2012369_20190822_20190823-5e0f73b13a39c.trans\n TransID: 1"
"2019/08/23","CSV-5e0f73b13a39c","CH2012369 2019-08-22","Passiver:Moms:Salgsmoms","","-605.176",""," Filename: ch2012369_20190822_20190823-5e0f73b13a39c.trans\n TransID: virt"
"2019/08/26","CSV-5e0f73b1386cd","VD SHIPMONDOCOM","Egenkapital:Mellemregning","","-38.25",""," Filename: vd_shipmondocom_20190826-5e0f73b1386cd.trans\n TransID: 0"
"2019/08/26","CSV-5e0f73b1386cd","VD SHIPMONDOCOM","Udgifter:Direkte omkostninger u/moms","","38.25",""," Filename: vd_shipmondocom_20190826-5e0f73b1386cd.trans\n TransID: 1"
"2019/08/29","CSV-5e0f73b1366a5","CH2012369 2019-08-29","Egenkapital:Mellemregning","","6051.76",""," Filename: ch2012369_20190829_20190829-5e0f73b1366a5.trans\n TransID: 0"
"2019/08/29","CSV-5e0f73b1366a5","CH2012369 2019-08-29","Indtægter:Onlinesalg","","-4841.408",""," Filename: ch2012369_20190829_20190829-5e0f73b1366a5.trans\n TransID: 1"
"2019/08/29","CSV-5e0f73b1366a5","CH2012369 2019-08-29","Passiver:Moms:Salgsmoms","","-1210.352",""," Filename: ch2012369_20190829_20190829-5e0f73b1366a5.trans\n TransID: virt"
"2019/09/02","CSV-5e0f73b1348b4","VD FIOR DI LOTO","Egenkapital:Mellemregning","","-3279.1",""," Filename: vd_fior_di_loto_20190902-5e0f73b1348b4.trans\n TransID: 0"
"2019/09/02","CSV-5e0f73b1348b4","VD FIOR DI LOTO","Udgifter:Diverse","","3279.1",""," Filename: vd_fior_di_loto_20190902-5e0f73b1348b4.trans\n TransID: 1"
"2019/09/04","CSV-5e0f73b132a5e","VD GOOGLE *GSUITE_monveli","Egenkapital:Mellemregning","","-236.29",""," Filename: vd_google_gsuite_monveli_20190904-5e0f73b132a5e.trans\n TransID: 0"
"2019/09/04","CSV-5e0f73b132a5e","VD GOOGLE *GSUITE_monveli","Udgifter:Administration:Edb","","236.29",""," Filename: vd_google_gsuite_monveli_20190904-5e0f73b132a5e.trans\n TransID: 1"
"2019/09/04","CSV-5e0f73b12f08a","VD QUICKPAY DKK","Egenkapital:Mellemregning","","-186.25",""," Filename: vd_quickpay_dkk_20190904-5e0f73b12f08a.trans\n TransID: 0"
"2019/09/04","CSV-5e0f73b12f08a","VD QUICKPAY DKK","Udgifter:Administration:Edb","","149",""," Filename: vd_quickpay_dkk_20190904-5e0f73b12f08a.trans\n TransID: 1"
"2019/09/04","CSV-5e0f73b12f08a","VD QUICKPAY DKK","Passiver:Moms:Købsmoms","","37.25",""," Filename: vd_quickpay_dkk_20190904-5e0f73b12f08a.trans\n TransID: virt"
"2019/09/04","CSV-5e0f73b130f95","VD SHIPMONDOCOM","Egenkapital:Mellemregning","","-38.25",""," Filename: vd_shipmondocom_20190904-5e0f73b130f95.trans\n TransID: 0"
"2019/09/04","CSV-5e0f73b130f95","VD SHIPMONDOCOM","Udgifter:Direkte omkostninger u/moms","","38.25",""," Filename: vd_shipmondocom_20190904-5e0f73b130f95.trans\n TransID: 1"
"2019/09/05","CSV-5e0f73b12cc33","CH2012369 2019-09-05","Egenkapital:Mellemregning","","1512.94",""," Filename: ch2012369_20190905_20190905-5e0f73b12cc33.trans\n TransID: 0"
"2019/09/05","CSV-5e0f73b12cc33","CH2012369 2019-09-05","Indtægter:Onlinesalg","","-1210.352",""," Filename: ch2012369_20190905_20190905-5e0f73b12cc33.trans\n TransID: 1"
"2019/09/05","CSV-5e0f73b12cc33","CH2012369 2019-09-05","Passiver:Moms:Salgsmoms","","-302.588",""," Filename: ch2012369_20190905_20190905-5e0f73b12cc33.trans\n TransID: virt"
"2019/09/09","CSV-5e0f73b12a65d","VD LC*NEEDEN WORDA 4707495","Egenkapital:Mellemregning","","-780.24",""," Filename: vd_lcneeden_worda_4707495_20190909-5e0f73b12a65d.trans\n TransID: 0"
"2019/09/09","CSV-5e0f73b12a65d","VD LC*NEEDEN WORDA 4707495","Udgifter:Diverse","","780.24",""," Filename: vd_lcneeden_worda_4707495_20190909-5e0f73b12a65d.trans\n TransID: 1"
"2019/09/10","CSV-5e0f73b12800d","VD WWW.EVERMART.DK/","Egenkapital:Mellemregning","","-709",""," Filename: vd_www.evermart.dk_20190910-5e0f73b12800d.trans\n TransID: 0"
"2019/09/10","CSV-5e0f73b12800d","VD WWW.EVERMART.DK/","Udgifter:Diverse","","709",""," Filename: vd_www.evermart.dk_20190910-5e0f73b12800d.trans\n TransID: 1"
"2019/09/11","CSV-5e0f73b125d3a","VD SHOPIFY * 68518164","Egenkapital:Mellemregning","","-684.15",""," Filename: vd_shopify_68518164_20190911-5e0f73b125d3a.trans\n TransID: 0"
"2019/09/11","CSV-5e0f73b125d3a","VD SHOPIFY * 68518164","Udgifter:Administration:Edb","","547.32",""," Filename: vd_shopify_68518164_20190911-5e0f73b125d3a.trans\n TransID: 1"
"2019/09/11","CSV-5e0f73b125d3a","VD SHOPIFY * 68518164","Passiver:Moms:Købsmoms","","136.83",""," Filename: vd_shopify_68518164_20190911-5e0f73b125d3a.trans\n TransID: virt"
"2019/09/12","CSV-5e0f73b124387","CH2012369 2019-09-12","Egenkapital:Mellemregning","","3025.88",""," Filename: ch2012369_20190912_20190912-5e0f73b124387.trans\n TransID: 0"
"2019/09/12","CSV-5e0f73b124387","CH2012369 2019-09-12","Indtægter:Onlinesalg","","-2420.704",""," Filename: ch2012369_20190912_20190912-5e0f73b124387.trans\n TransID: 1"
"2019/09/12","CSV-5e0f73b124387","CH2012369 2019-09-12","Passiver:Moms:Salgsmoms","","-605.176",""," Filename: ch2012369_20190912_20190912-5e0f73b124387.trans\n TransID: virt"
"2019/09/13","CSV-5e0f73b122723","VD SHIPMONDOCOM","Egenkapital:Mellemregning","","-38.25",""," Filename: vd_shipmondocom_20190913-5e0f73b122723.trans\n TransID: 0"
"2019/09/13","CSV-5e0f73b122723","VD SHIPMONDOCOM","Udgifter:Direkte omkostninger u/moms","","38.25",""," Filename: vd_shipmondocom_20190913-5e0f73b122723.trans\n TransID: 1"
"2019/09/18","CSV-5e0f73b120c06","Til 3565-3565837397","Egenkapital:Mellemregning","","-1535.2",""," Filename: til_35653565837397_20190918-5e0f73b120c06.trans\n TransID: 0"
"2019/09/18","CSV-5e0f73b120c06","Til 3565-3565837397","Udgifter:Diverse","","1535.2",""," Filename: til_35653565837397_20190918-5e0f73b120c06.trans\n TransID: 1"
"2019/09/19","CSV-5e0f73b11effd","CH2012369 2019-09-19","Egenkapital:Mellemregning","","2533.13",""," Filename: ch2012369_20190919_20190919-5e0f73b11effd.trans\n TransID: 0"
"2019/09/19","CSV-5e0f73b11effd","CH2012369 2019-09-19","Indtægter:Onlinesalg","","-2026.504",""," Filename: ch2012369_20190919_20190919-5e0f73b11effd.trans\n TransID: 1"
"2019/09/19","CSV-5e0f73b11effd","CH2012369 2019-09-19","Passiver:Moms:Salgsmoms","","-506.626",""," Filename: ch2012369_20190919_20190919-5e0f73b11effd.trans\n TransID: virt"
"2019/09/23","CSV-5e0f73b11b9e5","VD DINERO.DK - 6YM3GQHLNC","Egenkapital:Mellemregning","","-246.25",""," Filename: vd_dinero.dk_6ym3gqhlnc_20190923-5e0f73b11b9e5.trans\n TransID: 0"
"2019/09/23","CSV-5e0f73b11b9e5","VD DINERO.DK - 6YM3GQHLNC","Udgifter:Administration:Edb","","197",""," Filename: vd_dinero.dk_6ym3gqhlnc_20190923-5e0f73b11b9e5.trans\n TransID: 1"
"2019/09/23","CSV-5e0f73b11b9e5","VD DINERO.DK - 6YM3GQHLNC","Passiver:Moms:Købsmoms","","49.25",""," Filename: vd_dinero.dk_6ym3gqhlnc_20190923-5e0f73b11b9e5.trans\n TransID: virt"
"2019/10/03","CSV-5e0f73b118ec1","VD QUICKPAY DKK","Egenkapital:Mellemregning","","-186.25",""," Filename: vd_quickpay_dkk_20191003-5e0f73b118ec1.trans\n TransID: 0"
"2019/10/03","CSV-5e0f73b118ec1","VD QUICKPAY DKK","Udgifter:Administration:Edb","","149",""," Filename: vd_quickpay_dkk_20191003-5e0f73b118ec1.trans\n TransID: 1"
"2019/10/03","CSV-5e0f73b118ec1","VD QUICKPAY DKK","Passiver:Moms:Købsmoms","","37.25",""," Filename: vd_quickpay_dkk_20191003-5e0f73b118ec1.trans\n TransID: virt"
"2019/10/04","CSV-5e0f73b117642","VD GOOGLE*GSUITE MONVELI.","Egenkapital:Mellemregning","","-236.52",""," Filename: vd_googlegsuite_monveli._20191004-5e0f73b117642.trans\n TransID: 0"
"2019/10/04","CSV-5e0f73b117642","VD GOOGLE*GSUITE MONVELI.","Udgifter:Administration:Edb","","236.52",""," Filename: vd_googlegsuite_monveli._20191004-5e0f73b117642.trans\n TransID: 1"
"2019/10/11","CSV-5e0f73b115e28","VD SHOPIFY","Egenkapital:Mellemregning","","-688.85",""," Filename: vd_shopify_20191011-5e0f73b115e28.trans\n TransID: 0"
"2019/10/11","CSV-5e0f73b115e28","VD SHOPIFY","Udgifter:Administration:Edb","","551.08",""," Filename: vd_shopify_20191011-5e0f73b115e28.trans\n TransID: 1"
"2019/10/11","CSV-5e0f73b115e28","VD SHOPIFY","Passiver:Moms:Købsmoms","","137.77",""," Filename: vd_shopify_20191011-5e0f73b115e28.trans\n TransID: virt"
"2019/10/17","CSV-5e0f73b1145d0","CH2012369 2019-10-17","Egenkapital:Mellemregning","","1547.68",""," Filename: ch2012369_20191017_20191017-5e0f73b1145d0.trans\n TransID: 0"
"2019/10/17","CSV-5e0f73b1145d0","CH2012369 2019-10-17","Indtægter:Onlinesalg","","-1238.144",""," Filename: ch2012369_20191017_20191017-5e0f73b1145d0.trans\n TransID: 1"
"2019/10/17","CSV-5e0f73b1145d0","CH2012369 2019-10-17","Passiver:Moms:Salgsmoms","","-309.536",""," Filename: ch2012369_20191017_20191017-5e0f73b1145d0.trans\n TransID: virt"
"2019/10/23","CSV-5e0f73b1116e7","VD DINERO.DK - G6SIS8EDNC","Egenkapital:Mellemregning","","-293.75",""," Filename: vd_dinero.dk_g6sis8ednc_20191023-5e0f73b1116e7.trans\n TransID: 0"
"2019/10/23","CSV-5e0f73b1116e7","VD DINERO.DK - G6SIS8EDNC","Udgifter:Administration:Edb","","235",""," Filename: vd_dinero.dk_g6sis8ednc_20191023-5e0f73b1116e7.trans\n TransID: 1"
"2019/10/23","CSV-5e0f73b1116e7","VD DINERO.DK - G6SIS8EDNC","Passiver:Moms:Købsmoms","","58.75",""," Filename: vd_dinero.dk_g6sis8ednc_20191023-5e0f73b1116e7.trans\n TransID: virt"
"2019/10/31","CSV-5e0f73b10f612","CH2012369 2019-10-31","Egenkapital:Mellemregning","","1512.94",""," Filename: ch2012369_20191031_20191031-5e0f73b10f612.trans\n TransID: 0"
"2019/10/31","CSV-5e0f73b10f612","CH2012369 2019-10-31","Indtægter:Onlinesalg","","-1210.352",""," Filename: ch2012369_20191031_20191031-5e0f73b10f612.trans\n TransID: 1"
"2019/10/31","CSV-5e0f73b10f612","CH2012369 2019-10-31","Passiver:Moms:Salgsmoms","","-302.588",""," Filename: ch2012369_20191031_20191031-5e0f73b10f612.trans\n TransID: virt"
"2019/11/04","CSV-5e0f73b10b229","VD GOOGLE*GSUITE MONVELI.","Egenkapital:Mellemregning","","-236.82",""," Filename: vd_googlegsuite_monveli._20191104-5e0f73b10b229.trans\n TransID: 0"
"2019/11/04","CSV-5e0f73b10b229","VD GOOGLE*GSUITE MONVELI.","Udgifter:Administration:Edb","","236.82",""," Filename: vd_googlegsuite_monveli._20191104-5e0f73b10b229.trans\n TransID: 1"
"2019/11/04","CSV-5e0f73b10d248","VD QUICKPAY DKK","Egenkapital:Mellemregning","","-186.25",""," Filename: vd_quickpay_dkk_20191104-5e0f73b10d248.trans\n TransID: 0"
"2019/11/04","CSV-5e0f73b10d248","VD QUICKPAY DKK","Udgifter:Administration:Edb","","149",""," Filename: vd_quickpay_dkk_20191104-5e0f73b10d248.trans\n TransID: 1"
"2019/11/04","CSV-5e0f73b10d248","VD QUICKPAY DKK","Passiver:Moms:Købsmoms","","37.25",""," Filename: vd_quickpay_dkk_20191104-5e0f73b10d248.trans\n TransID: virt"
"2019/11/07","november.pdf","EUR 358.98 Køb af tasker","Udgifter:Direkte omkostninger u/moms","","2674.55",""," Filename: 202001045e110c6931023_eur_358.98_kb_af_tasker.trans\n TransID: 0"
"2019/11/07","november.pdf","EUR 358.98 Køb af tasker","Passiver:Andreas Jensen","","-2674.55",""," Filename: 202001045e110c6931023_eur_358.98_kb_af_tasker.trans\n TransID: 1"
"2019/11/11","CSV-5e0f73b109440","VD SHOPIFY","Egenkapital:Mellemregning","","-685.1",""," Filename: vd_shopify_20191111-5e0f73b109440.trans\n TransID: 0"
"2019/11/11","CSV-5e0f73b109440","VD SHOPIFY","Udgifter:Administration:Edb","","548.08",""," Filename: vd_shopify_20191111-5e0f73b109440.trans\n TransID: 1"
"2019/11/11","CSV-5e0f73b109440","VD SHOPIFY","Passiver:Moms:Købsmoms","","137.02",""," Filename: vd_shopify_20191111-5e0f73b109440.trans\n TransID: virt"
"2019/11/14","CSV-5e0f73b1048ec","CH2012369 2019-11-14","Egenkapital:Mellemregning","","1512.94",""," Filename: ch2012369_20191114_20191114-5e0f73b1048ec.trans\n TransID: 0"
"2019/11/14","CSV-5e0f73b1048ec","CH2012369 2019-11-14","Indtægter:Onlinesalg","","-1210.352",""," Filename: ch2012369_20191114_20191114-5e0f73b1048ec.trans\n TransID: 1"
"2019/11/14","CSV-5e0f73b1048ec","CH2012369 2019-11-14","Passiver:Moms:Salgsmoms","","-302.588",""," Filename: ch2012369_20191114_20191114-5e0f73b1048ec.trans\n TransID: virt"
